PROCESS	ProcessWithMultipleConstants.Y._process
PROCESS	ProcessWithMultipleConstants.x1._process
PROCESS	ProcessWithMultipleConstants.x2._process
STEP_LABEL_fc69cf4b-970d-4fba-bf3e-ee7ebd6f444d	ProcessWithMultipleConstants.Y._step_label	ProcessWithMultipleConstants.Y._step_label
STEP_LABEL_3171b530-4c6c-452e-bacc-a8e325c1e0c9	ProcessWithMultipleConstants.x1._step_label	ProcessWithMultipleConstants.x1._step_label
STEP_LABEL_ccbce73c-ba4e-4ea8-867e-899250133324	ProcessWithMultipleConstants.x2._step_label	ProcessWithMultipleConstants.x2._step_label
TEST_NAME	ProcessWithMultipleConstants.Y.test_name
TEST_NAME	ProcessWithMultipleConstants.x1.test_name
TEST_NAME	ProcessWithMultipleConstants.x2.test_name
X::Input1	ProcessWithMultipleConstants.x1.x_in_1	42
X::Input1	ProcessWithMultipleConstants.x2.x_in_1	77
